{"cameraMode":{"drawMode":0,"name":"Shaded","section":"Shading Mode"},"sceneLighting":true,"audioPlay":false,"sceneViewState":{"m_AlwaysRefresh":false,"showFog":true,"showSkybox":true,"showFlares":true,"showImageEffects":true,"showParticleSystems":true,"showVisualEffectGraphs":true,"m_FxEnabled":true},"in2DMode":false,"pivot":{"x":4.300002098083496,"y":2.4129629135131838,"z":6.527907371520996},"rotation":{"x":0.0011980760609731079,"y":-0.9977556467056274,"z":0.064753957092762,"w":0.018251704052090646},"size":1.155228853225708,"orthographic":false}